id,text
1,Our all-natural skincare line is perfect for sensitive skin and eco-friendly packaging.
2,The new electric vehicle offers enhanced range and quick-charging capabilities.
3,Discussed quarterly sales and performance metrics.
4,Reviewed project timelines and set new milestones.
5,Reviewed marketing campaigns and their outcomes.
6,Invest in research and development to innovate new products.
7,Enhance customer service by offering 24/7 live chat support.
8,Implement subscription services for increased customer retention.
9,Our all-natural skincare line is perfect for sensitive skin and eco-friendly packaging.
10,Leverage data analytics to understand consumer behavior and preferences.
11,Discussed financial performance and budgeting for the next quarter.
12,Analyzed customer feedback to improve product quality.
13,This software solution helps small businesses streamline their financial management.
14,Implement subscription services for increased customer retention.
15,Strategized how to optimize the company's operational efficiency.
16,Partner with local businesses to create co-branding opportunities.
17,Discussed financial performance and budgeting for the next quarter.
18,Reviewed project timelines and set new milestones.
19,Invest in research and development to innovate new products.
20,The latest smartphone model includes a high-quality camera and extended battery life.
21,Strategized how to optimize the company's operational efficiency.
22,Reviewed marketing campaigns and their outcomes.
23,Reviewed project timelines and set new milestones.
24,Invest in research and development to innovate new products.
25,Increase digital marketing efforts to boost online sales.
26,The smart thermostat learns your heating preferences to save on energy bills.
27,Our new smart home assistant offers voice control for all your devices.
28,Our innovative kitchen appliance automates meal preparation with ease.
29,Discussed financial performance and budgeting for the next quarter.
30,The smart thermostat learns your heating preferences to save on energy bills.
31,Rebrand and launch a social media influencer marketing campaign.
32,Implement cost-cutting measures by optimizing supply chain operations.
33,Implement cost-cutting measures by optimizing supply chain operations.
34,Our all-natural skincare line is perfect for sensitive skin and eco-friendly packaging.
35,Invest in research and development to innovate new products.
36,Strategized how to optimize the company's operational efficiency.
37,The new electric vehicle offers enhanced range and quick-charging capabilities.
38,Discussed financial performance and budgeting for the next quarter.
39,Our innovative kitchen appliance automates meal preparation with ease.
40,The latest smartphone model includes a high-quality camera and extended battery life.
41,Our new smart home assistant offers voice control for all your devices.
42,Leverage data analytics to understand consumer behavior and preferences.
43,Analyzed customer feedback to improve product quality.
44,This software solution helps small businesses streamline their financial management.
45,Strategized how to optimize the company's operational efficiency.
46,Reviewed project timelines and set new milestones.
47,Rebrand and launch a social media influencer marketing campaign.
48,Discussed quarterly sales and performance metrics.
49,Our all-natural skincare line is perfect for sensitive skin and eco-friendly packaging.
50,Developed action plans for entering new markets.
51,Strategized how to optimize the company's operational efficiency.
52,Strategized how to optimize the company's operational efficiency.
53,Leverage data analytics to understand consumer behavior and preferences.
54,This portable fitness tracker offers real-time health monitoring features.
55,This gaming console offers cutting-edge graphics and immersive gameplay.
56,Discussed financial performance and budgeting for the next quarter.
57,Enhance customer service by offering 24/7 live chat support.
58,Increase digital marketing efforts to boost online sales.
59,This gaming console offers cutting-edge graphics and immersive gameplay.
60,Focus on sustainability initiatives to appeal to eco-conscious consumers.
61,Invest in research and development to innovate new products.
62,Developed action plans for entering new markets.
63,The new electric vehicle offers enhanced range and quick-charging capabilities.
64,Our new smart home assistant offers voice control for all your devices.
65,Implement subscription services for increased customer retention.
66,Rebrand and launch a social media influencer marketing campaign.
67,Developed action plans for entering new markets.
68,Reviewed marketing campaigns and their outcomes.
69,The new electric vehicle offers enhanced range and quick-charging capabilities.
70,Increase digital marketing efforts to boost online sales.
71,Our all-natural skincare line is perfect for sensitive skin and eco-friendly packaging.
72,Implement cost-cutting measures by optimizing supply chain operations.
73,Discussed quarterly sales and performance metrics.
74,Strategized how to optimize the company's operational efficiency.
75,Our all-natural skincare line is perfect for sensitive skin and eco-friendly packaging.
76,Increase digital marketing efforts to boost online sales.
77,Rebrand and launch a social media influencer marketing campaign.
78,Our innovative kitchen appliance automates meal preparation with ease.
79,Discussed financial performance and budgeting for the next quarter.
80,Our all-natural skincare line is perfect for sensitive skin and eco-friendly packaging.
81,Implement subscription services for increased customer retention.
82,Rebrand and launch a social media influencer marketing campaign.
83,Discussed potential partnerships and merger opportunities.
84,Implement subscription services for increased customer retention.
85,Our innovative kitchen appliance automates meal preparation with ease.
86,Discussed quarterly sales and performance metrics.
87,Leverage data analytics to understand consumer behavior and preferences.
88,The latest smartphone model includes a high-quality camera and extended battery life.
89,Discussed potential partnerships and merger opportunities.
90,Our cloud-based platform provides secure and scalable data storage solutions.
91,Our innovative kitchen appliance automates meal preparation with ease.
92,Strategized how to optimize the company's operational efficiency.
93,Our innovative kitchen appliance automates meal preparation with ease.
94,Discussed quarterly sales and performance metrics.
95,This gaming console offers cutting-edge graphics and immersive gameplay.
96,Expand product line to cater to younger audiences.
97,The latest smartphone model includes a high-quality camera and extended battery life.
98,Our all-natural skincare line is perfect for sensitive skin and eco-friendly packaging.
99,Developed action plans for entering new markets.
100,Implement subscription services for increased customer retention.